station,Ea,B,AF_true,err_naive_pct,err_anch_pct,err_anchtd_pct,err_ml_pct,err_mltd_pct,err_monthly_pct
78641,83.14,0.0,0.59,3.74,-0.2,-0.2,1.15,1.15,-5.93
78641,83.14,0.04,1.17,-4.79,-1.33,-2.46,6.96,5.81,3.5
78641,83.14,0.08,3.18,-14.86,-2.27,-4.25,12.89,10.51,19.47
78641,120.0,0.0,0.5,4.75,-0.12,-0.12,1.41,1.41,-6.82
78641,120.0,0.04,0.89,-2.62,-1.46,-2.52,7.19,6.16,-0.46
78641,120.0,0.08,2.29,-12.78,-2.79,-4.71,13.51,11.24,13.25
78627,83.14,0.0,0.53,4.42,2.15,2.15,-1.52,-1.52,-0.75
78627,83.14,0.04,0.85,-6.37,-5.35,-8.56,-3.67,-3.04,3.4
78627,83.14,0.08,2.43,-18.7,-14.4,-19.18,-10.79,-9.15,-0.21
78627,120.0,0.0,0.45,5.1,2.51,2.51,-1.85,-1.85,-1.34
78627,120.0,0.04,0.59,-3.4,-3.69,-6.67,-3.61,-3.15,3.59
78627,120.0,0.08,1.52,-16.08,-13.27,-17.94,-10.36,-8.99,1.79
78637,83.14,0.0,1.23,3.97,1.53,1.53,-1.34,-1.34,0.66
78637,83.14,0.04,3.36,-4.27,-0.94,-1.52,-1.33,-1.06,5.93
78637,83.14,0.08,11.12,-13.95,-3.96,-5.05,-2.01,-1.14,12.61
78637,120.0,0.0,1.42,5.21,1.99,1.99,-1.73,-1.73,0.87
78637,120.0,0.04,3.61,-2.08,-0.1,-0.65,-1.86,-1.66,6.03
78637,120.0,0.08,11.38,-11.66,-3.01,-4.09,-2.48,-1.75,12.99
MGMM0,83.14,0.0,1.28,5.58,1.4,1.4,1.0,1.0,0.44
MGMM0,83.14,0.04,2.78,-3.95,-2.59,-2.93,-1.91,-2.8,1.25
MGMM0,83.14,0.08,8.82,-13.66,-5.81,-6.19,-6.48,-8.58,1.96
MGMM0,120.0,0.0,1.56,7.13,1.92,1.92,1.25,1.25,0.46
MGMM0,120.0,0.04,2.93,-1.05,-1.94,-2.3,-1.12,-1.9,1.49
MGMM0,120.0,0.08,8.54,-11.2,-5.72,-6.14,-5.5,-7.55,2.4
78647,83.14,0.0,,,,,,,
78647,83.14,0.04,,,,,,,
78647,83.14,0.08,,,,,,,
78647,120.0,0.0,,,,,,,
78647,120.0,0.04,,,,,,,
78647,120.0,0.08,,,,,,,
